BGC,log(HighestMean_AllClasses),class_discriminitive,LDA_score,LEfSe_pvalue,manual_pvalue,NCBI refrence sequence acession number,Taxa Name,Phylum
C2068__NODE_256_length_17003_cov_6.59181__17003__lantipeptide__ANTISMASH__0_17003,2.36907303568,-,-,-,0.515405698868955,NZ_BCYC01000013,Bifidobacterium pseudocatenulatum,Actinobacteria
C6033__NODE_63_length_70205_cov_15.7976__45550__nrps__ANTISMASH__7993_53543,2.53147991433,-,-,-,0.35655726115376,N/A,N/A,Unassigned
C3011__NODE_4633_length_8349_cov_4.692187__8349__other__ANTISMASH__0_8349,1.28119204687,-,-,-,0.0293210657133678,N/A,N/A,Unassigned
C5002__NODE_779_length_19114_cov_5.7067__19114__nrps__ANTISMASH__0_19114,2.81599344848,-,-,-,0.776986485976612,NZ_ADJD01000023,Escherichia coli H305,Proteobacteria
C3005__NODE_1446_length_20102_cov_52.371277__20102__arylpolyene__ANTISMASH__0_20102,2.47859780414,-,-,-,0.951825550603314,NZ_KE702211,Escherichia coli UMEA 3257-1,Proteobacteria
C2060__NODE_21_length_104722_cov_19.3019__42199__ladderane__ANTISMASH__53743_95942,3.3359539837,Healthy control,3.29698489192,2.89158849784e-06,2.89158849783929e-06,NZ_OLKO01000022,Ruminococcus bromii L2-63,Firmicutes
C4009__NODE_2902_length_11440_cov_6.60791__11440__nrps__ANTISMASH__0_11440,1.56680581226,Healthy control,4.05323958653,0.00747438845304,0.00747438845303925,N/A,N/A,Unassigned
C3022__NODE_1143_length_16972_cov_13.8822__16972__microcin__ANTISMASH__0_16972,4.43926474883,-,-,-,0.374881021029885,NZ_GG692718,Roseburia intestinalis L1-82,Firmicutes
C4044__NODE_557_length_13259_cov_5.315738__13259__arylpolyene__ANTISMASH__0_13259,4.57514754619,-,-,-,0.401797229240378,NZ_CP012938,Bacteroides ovatus,Bacteroidetes
C4006__NODE_23_length_187868_cov_38.747__12988__lantipeptide__ANTISMASH__174880_187868,2.69813022446,-,-,-,0.957301074634863,NZ_CYXV01000003,Roseburia faecis,Firmicutes
C3022__NODE_1_length_361945_cov_17.4608__47686__arylpolyene__ANTISMASH__48835_96521,2.74936356974,-,-,-,0.0477604657056805,N/A,N/A,Unassigned
C4013__NODE_62_length_59138_cov_9.20126__23359__lassopeptide__ANTISMASH__35779_59138,2.94295182127,Healthy control,2.48529643038,0.00226696959456,0.0022669695945565,N/A,N/A,Unassigned
C6009__NODE_3449_length_10405_cov_35.6998__10405__resorcinol__ANTISMASH__0_10405,2.90234253369,-,-,-,0.0358798059706327,N/A,N/A,Unassigned
C4022__NODE_2044_length_6009_cov_3.58247__6009__lantipeptide__ANTISMASH__0_6009,3.81661524335,-,-,-,0.460541959936803,NZ_CALH01000113,Bifidobacterium longum subsp. longum CECT 7347,Actinobacteria
C2091__NODE_213_length_25719_cov_11.030860__25719__nrps__ANTISMASH__0_25719,2.23893053294,-,-,-,0.124192393447668,NZ_DS480328,Clostridium sp. L2-50,Firmicutes
C3004__NODE_174_length_80204_cov_9.614056__42733__nrps__ANTISMASH__37471_80204,2.07119516433,-,-,-,0.098137383617556,NZ_LN999827,Clostridium sp. AT4,Firmicutes
C2068__NODE_47_length_28847_cov_5.72114__13160__terpene__ANTISMASH__15687_28847,2.51393828081,-,-,-,0.466379398994711,N/A,N/A,Unassigned
C5002__NODE_91_length_99443_cov_281.607__41137__resorcinol__ANTISMASH__50072_91209,3.57168656052,-,-,-,0.482640090973055,NZ_JNHJ01000029,Bacteroides vulgatus str. 3775 SR(B) 19,Bacteroidetes
C3010__NODE_134_length_65028_cov_21.6171__41221__arylpolyene__ANTISMASH__4414_45635,3.35636636025,-,-,-,0.0877923135259723,NZ_JH724085,Bacteroides cellulosilyticus CL02T12C19,Bacteroidetes
C4031__NODE_81_length_56480_cov_53.2511__26752__nrps__ANTISMASH__29728_56480,4.56335643542,-,-,-,0.186236903975524,NZ_JGDQ01000059,Bacteroides fragilis str. 3725 D9(v),Bacteroidetes
C6009__NODE_6348_length_5847_cov_2653.09__5847__nrps__ANTISMASH__0_5847,4.42039637582,-,-,-,0.252334413596422,NZ_CYZN01000002,Blautia wexlerae,Firmicutes
C2021__NODE_6115_length_5625_cov_3.95655__5625__nrps__ANTISMASH__0_5625,2.8468538833,-,-,-,0.0392608491236569,NZ_BAHW02000027,Clostridiales bacterium VE202-09,Firmicutes
C3007__NODE_1198_length_7764_cov_13.248__7764__arylpolyene__ANTISMASH__0_7764,4.9898546465,-,-,-,0.500799431774546,NZ_CZAN01000032,Bacteroides vulgatus,Bacteroidetes
C2082__NODE_6_length_179753_cov_31.8485__23923__resorcinol__ANTISMASH__0_23923,3.62089742155,-,-,-,0.758879733374685,NZ_JH724268,Bacteroides uniformis CL03T12C37,Bacteroidetes
C2010__NODE_597_length_37158_cov_15.9471__35991__nrps__ANTISMASH__1167_37158,2.41554876288,-,-,-,0.142197129113586,NZ_NICR01000016,Klebsiella pneumoniae,Proteobacteria
C5006__NODE_68_length_101550_cov_13.5281__9577__bacteriocin__ANTISMASH__91973_101550,3.04121026789,-,-,-,0.639545189671049,NZ_FLFE01000019,Klebsiella pneumoniae,Proteobacteria
C2021__NODE_1055_length_26174_cov_5.46189__26174__arylpolyene__ANTISMASH__0_26174,2.62873442291,-,-,-,0.504910220015512,NZ_KE150480,Sutterella wadsworthensis HGA0223,Proteobacteria
C5004__NODE_86_length_103190_cov_15.651001__37048__other__ANTISMASH__0_37048,2.16412227349,-,-,-,0.997462061658325,N/A,N/A,Unassigned
C2028__NODE_1014_length_17670_cov_53.8611__17670__nrps__ANTISMASH__0_17670,4.13223344792,-,-,-,0.517709502139824,NZ_AKBX01000001,Bacteroides eggerthii 1_2_48FAA,Bacteroidetes
C2075__NODE_589_length_21506_cov_37.0536__10894__microcin__ANTISMASH__10612_21506,4.52818661455,-,-,-,0.900248324742324,NZ_CP023819,Faecalibacterium prausnitzii,Firmicutes
C2010__NODE_562_length_38752_cov_18.1891__38752__nrps__ANTISMASH__0_38752,2.1754386111,-,-,-,0.257759321871685,N/A,N/A,Unassigned
C4004__NODE_591_length_10305_cov_3.58927__10305__nrps__ANTISMASH__0_10305,4.10106623849,Crohn's Disease,3.76209012989,0.00252835615993,0.00252835615992943,NZ_JH376871,Clostridium clostridioforme 2_1_49FAA,Firmicutes
C6016__NODE_278_length_31570_cov_14.6146__19715__terpene__ANTISMASH__11855_31570,3.94079839777,Healthy control,3.63230120577,1.13797025702e-08,1.13797025702159e-08,NZ_KQ971081,Akkermansia sp. KLE1798,Verrucomicrobia
C3017__NODE_742_length_38583_cov_142.623__25546__nrps__ANTISMASH__13037_38583,3.54795367795,Crohn's Disease,3.21576057061,0.00462311866401,0.00462311866401418,NZ_KB851045,Clostridium clostridioforme 90A7,Firmicutes
C2021__NODE_6825_length_5027_cov_3.64119__5027__arylpolyene__ANTISMASH__0_5027,4.3912272175,Crohn's Disease,3.6398466631,2.06837370173e-08,2.06837370172926e-08,NZ_CYYQ01000001,Alistipes finegoldii,Bacteroidetes
C3005__NODE_1097_length_23837_cov_6.573207__17729__bacteriocin__ANTISMASH__6108_23837,0,-,-,-,-,NZ_KI914463,Pseudomonas aeruginosa BWHPSA047,Proteobacteria
C2047__NODE_57_length_29380_cov_211.37__21761__terpene__ANTISMASH__7619_29380,3.20731909595,-,-,-,0.782450643982066,N/A,N/A,Unassigned
C3001__NODE_58_length_130452_cov_22.8823__21353__sactipeptide__ANTISMASH__15013_36366,2.40553085967,-,-,-,0.0357857091963864,NZ_CP022413,Blautia hansenii DSM 20583,Firmicutes
C2077__NODE_79_length_71139_cov_118.105__40122__arylpolyene__ANTISMASH__0_40122,3.49939666986,-,-,-,0.525048056801169,N/A,N/A,Unassigned
C3006__NODE_180_length_74936_cov_20.389485__43886__nrps__ANTISMASH__31050_74936,4.11606363654,-,-,-,0.168482468133453,NZ_CZAJ01000007,Eubacterium rectale,Firmicutes
C2008__NODE_3437_length_6943_cov_3.34538__6943__arylpolyene__ANTISMASH__0_6943,3.28072686779,-,-,-,0.838817237785585,NZ_CVTY01000007,Dakarella massiliensis,Proteobacteria
C4009__NODE_254_length_72470_cov_137.244__29376__lantipeptide__ANTISMASH__43094_72470,3.08865993333,Healthy control,2.74970670473,1.39820497525e-05,1.39820497525448e-05,NZ_CZAW01000034,Blautia wexlerae,Firmicutes
C6017__NODE_570_length_14112_cov_8.69396__14112__bacteriocin__ANTISMASH__0_14112,4.60910135013,-,-,-,0.0444710408007988,NZ_QLTS01000002,Phascolarctobacterium faecium DSM 14760,Firmicutes
C3032__NODE_203_length_34879_cov_20.892689__31256__resorcinol__ANTISMASH__3623_34879,3.58570856975,Healthy control,3.21935890568,0.000181508213659,0.000181508213658881,NZ_PHJG01000017,Bacteroides vulgatus,Bacteroidetes
C2048__NODE_534_length_18686_cov_5.68939__10510__bacteriocin__ANTISMASH__8176_18686,2.25355635929,-,-,-,0.0738765031619678,N/A,N/A,Unassigned
C6018__NODE_47_length_33281_cov_11.1139__33281__nrps__ANTISMASH__0_33281,2.91262741805,-,-,-,0.846579675901199,NZ_KB851162,Clostridium bolteae 90B7,Firmicutes
C6018__NODE_437_length_8123_cov_7.93344__8123__bacteriocin__ANTISMASH__0_8123,3.7310133817,-,-,-,0.0470601785226843,N/A,N/A,Unassigned
C3017__NODE_4652_length_9203_cov_427.059__9203__resorcinol__ANTISMASH__0_9203,3.92009108644,-,-,-,0.0102392714412142,NZ_CZAF01000014,Bacteroides uniformis,Bacteroidetes
C3022__NODE_267_length_46716_cov_15.9603__30281__lantipeptide__ANTISMASH__16435_46716,3.53237685392,-,-,-,0.841802169986459,N/A,N/A,Unassigned
C3004__NODE_325_length_55475_cov_8.770047__35820__nrps__ANTISMASH__19655_55475,2.82331495753,Healthy control,2.75859938438,4.36601882666e-05,4.36601882665938e-05,NZ_JNJP01000001,Bilophila wadsworthia ATCC 49260,Proteobacteria
C2021__NODE_3751_length_8991_cov_5.78469__8991__nrps__ANTISMASH__0_8991,3.26797424997,-,-,-,0.792773210593943,NZ_CZBA01000002,Blautia obeum,Firmicutes
C4006__NODE_68_length_99866_cov_18.8402__20921__terpene__ANTISMASH__8788_29709,3.04919957923,Healthy control,3.28393827683,0.0012996206592,0.00129962065919566,NZ_PJKF01000008,Akkermansia muciniphila,Verrucomicrobia
C2028__NODE_2_length_468845_cov_28.9611__48061__arylpolyene__ANTISMASH__222540_270601,3.4132976008,Healthy control,3.03079273784,2.66645157618e-06,2.66645157617711e-06,NZ_AENZ01000003,Alistipes sp. HGB5,Bacteroidetes
C5002__NODE_325_length_42949_cov_9.85723__22529__bacteriocin__ANTISMASH__20420_42949,2.40893777055,-,-,-,0.197539988773082,N/A,N/A,Unassigned
C3005__NODE_476_length_38562_cov_6.443789__27131__nrps__ANTISMASH__0_27131,0,-,-,-,-,NZ_NRAJ01000006,Pseudomonas aeruginosa,Proteobacteria
C6016__NODE_782_length_10600_cov_27.5503__10600__terpene__ANTISMASH__0_10600,4.32586182524,Healthy control,4.01191592631,1.929758312e-08,1.92975831200177e-08,NZ_KV441790,Akkermansia sp. KLE1605,Verrucomicrobia
C2025__NODE_1896_length_17292_cov_10.2337__17292__arylpolyene__ANTISMASH__0_17292,2.52540690428,-,-,-,0.371854705686652,N/A,N/A,Unassigned
C2014__NODE_548_length_50682_cov_45.8883__22967__lantipeptide__ANTISMASH__1328_24295,2.92447174189,-,-,-,0.086240370775024,NZ_BAIJ02000157,Clostridiales bacterium VE202-27,Firmicutes
C2014__NODE_728_length_41188_cov_81.7236__10282__bacteriocin__ANTISMASH__7720_18002,3.1083183762,-,-,-,0.0479531059927323,N/A,N/A,Unassigned
C3017__NODE_7099_length_6050_cov_963.044__6050__lantipeptide__ANTISMASH__0_6050,4.10234786423,-,-,-,0.811773680864771,NZ_ACII02000003,Ruminococcus sp. 5_1_39BFAA,Firmicutes
C2048__NODE_1179_length_11772_cov_6.09627__11772__arylpolyene__ANTISMASH__0_11772,3.77124089768,-,-,-,0.124192393447668,N/A,N/A,Unassigned
C3003__NODE_403_length_40637_cov_11.867306__17254__bacteriocin__ANTISMASH__23383_40637,2.75828427066,-,-,-,0.0343719943248385,NZ_QLTS01000002,Phascolarctobacterium faecium DSM 14760,Firmicutes
C4023__NODE_31_length_61144_cov_22.4134__32224__resorcinol__ANTISMASH__28920_61144,3.61259730258,Healthy control,3.15792358407,0.000685520818636,0.00068552081863643,NZ_CP013020,Bacteroides vulgatus,Bacteroidetes
C2069__NODE_397_length_22681_cov_34.124812__11505__butyrolactone__ANTISMASH__11176_22681,0,-,-,-,-,NZ_AYMI01000002,Klebsiella michiganensis H1g,Proteobacteria
C2079__NODE_108_length_42238_cov_7.07581__27433__arylpolyene__ANTISMASH__14805_42238,2.78391523363,-,-,-,0.0477604657056805,N/A,N/A,Unassigned
C4009__NODE_9_length_212624_cov_93.5405__41071__resorcinol__ANTISMASH__90407_131478,3.65835577701,Healthy control,3.24761403511,6.16043206693e-06,6.16043206692641e-06,NZ_CZBK01000007,Bacteroides vulgatus,Bacteroidetes
C3001__NODE_175_length_75385_cov_116.783__11053__bacteriocin__ANTISMASH__27992_39045,2.38750911752,Crohn's Disease,2.46078189877,0.0054090506029,0.00540905060289576,N/A,N/A,Unassigned
C2010__NODE_33_length_145162_cov_71.7332__43588__arylpolyene__ANTISMASH__21297_64885,3.5533424021,-,-,-,0.393443541155776,NZ_NGRY01000001,Escherichia coli,Proteobacteria
C2091__NODE_40_length_48506_cov_8.947493__22399__nrps__ANTISMASH__26107_48506,2.13340081433,-,-,-,0.366564703369723,N/A,N/A,Unassigned
C5002__NODE_1740_length_9491_cov_3.73103__9491__bacteriocin__ANTISMASH__0_9491,2.69866683388,-,-,-,0.0488978250339422,N/A,N/A,Unassigned
C3001__NODE_11_length_238416_cov_66.0901__43464__arylpolyene__ANTISMASH__120892_164356,2.8308437474,-,-,-,0.0273235622458254,N/A,N/A,Unassigned
C3031__NODE_121_length_20525_cov_61.8349__20525__resorcinol__ANTISMASH__0_20525,4.54521343787,Healthy control,4.2976348257,1.1159464034e-11,1.11594640339723e-11,N/A,N/A,Unassigned
C4028__NODE_1107_length_6770_cov_849.186__6770__resorcinol__ANTISMASH__0_6770,3.97676311232,-,-,-,0.382575841263427,N/A,N/A,Unassigned
C4027__NODE_961_length_7458_cov_21.741186__7458__resorcinol__ANTISMASH__0_7458,3.94383673268,-,-,-,0.0245892437631823,NZ_GG774972,Parabacteroides sp. 20_3,Bacteroidetes
C4001__NODE_1272_length_8188_cov_29.7058__8188__bacteriocin__ANTISMASH__0_8188,3.39523345283,-,-,-,0.624686409947787,NZ_NNWG01000042,Escherichia coli,Proteobacteria
C3002__NODE_971_length_15098_cov_86.9144__15098__arylpolyene__ANTISMASH__0_15098,2.95138128264,-,-,-,0.0810776506347805,N/A,N/A,Unassigned
C2010__NODE_3541_length_8103_cov_5.16252__8103__nrps__ANTISMASH__0_8103,2.13144302344,-,-,-,0.487380875028578,NZ_ACII02000003,Ruminococcus sp. 5_1_39BFAA,Firmicutes
C2028__NODE_249_length_51109_cov_32.4172__41143__resorcinol__ANTISMASH__3413_44556,2.97638279127,-,-,-,0.150036498101568,NZ_JH724268,Bacteroides uniformis CL03T12C37,Bacteroidetes
C4004__NODE_1175_length_6704_cov_563.473__6704__lantipeptide__ANTISMASH__0_6704,3.73912043637,-,-,-,0.257759321871685,N/A,N/A,Unassigned
C2075__NODE_793_length_16630_cov_377.864__16630__other__ANTISMASH__0_16630,4.57293219256,Healthy control,4.3037730306,0.000228833498243,0.000228833498242807,NZ_HF545617,Ruminococcus bicirculans,Firmicutes
C3008__NODE_58_length_80320_cov_9.89467__38512__nrps__ANTISMASH__41808_80320,3.19938456823,Crohn's Disease,2.90694426504,0.00164416088506,0.00164416088506219,NZ_KB851045,Clostridium clostridioforme 90A7,Firmicutes
C3001__NODE_3868_length_6733_cov_1390.55__6733__arylpolyene__ANTISMASH__0_6733,3.78902202958,-,-,-,0.142197129113586,N/A,N/A,Unassigned
C4006__NODE_67_length_100714_cov_12.268__43675__arylpolyene__ANTISMASH__21836_65511,2.99674253704,Crohn's Disease,2.71893515431,0.00209318667021,0.0020931866702107,NZ_KQ968580,Sutterella sp. KLE1602,Proteobacteria
C2014__NODE_22_length_247082_cov_60.9883__48302__arylpolyene__ANTISMASH__192556_240858,3.3642145266,-,-,-,0.142197129113586,NZ_ALJQ01000038,Prevotella sp. MSX73,Bacteroidetes
C2060__NODE_21_length_104722_cov_19.3019__47332__nrps__ANTISMASH__8019_55351,3.31889904427,Healthy control,3.30464916351,2.73902854459e-07,2.73902854459072e-07,NZ_OLKO01000022,Ruminococcus bromii L2-63,Firmicutes
C3017__NODE_105_length_92488_cov_13.3445__39059__lantipeptide__ANTISMASH__9065_48124,3.03424524357,-,-,-,0.766697742363018,NZ_DS499516,Eubacterium siraeum DSM 15702,Firmicutes
C6014__NODE_1181_length_6258_cov_219.325__6258__ladderane__ANTISMASH__0_6258,4.67027109224,-,-,-,0.0206571517554139,NZ_JNHJ01000029,Bacteroides vulgatus str. 3775 SR(B) 19,Bacteroidetes
C2010__NODE_694_length_33476_cov_21.6485__32936__nrps__ANTISMASH__540_33476,3.25388724481,-,-,-,0.257759321871685,NZ_BAIJ02000004,Clostridiales bacterium VE202-27,Firmicutes
C3004__NODE_688_length_33192_cov_12.147811__33192__nrps__ANTISMASH__0_33192,0,-,-,-,-,NZ_OEPZ01000003,Dorea sp. Marseille-P4003,Firmicutes
C3017__NODE_5863_length_7349_cov_16.1525__7349__lantipeptide__ANTISMASH__0_7349,3.72165240934,-,-,-,0.0993285871684965,NZ_FNWC01000007,Tyzzerella sp. Marseille-P3062,Firmicutes
C3006__NODE_160_length_79315_cov_31.125259__41194__arylpolyene__ANTISMASH__8041_49235,2.75301043076,-,-,-,0.0957155683612064,NZ_JH376616,Paraprevotella clara YIT 11840,Bacteroidetes
C2025__NODE_1644_length_19312_cov_195.617__19312__nrps__ANTISMASH__0_19312,3.62713495006,-,-,-,0.35655726115376,N/A,N/A,Unassigned
C2086__NODE_47_length_65792_cov_66.6491__16770__microcin__ANTISMASH__49022_65792,4.25264437879,-,-,-,0.0262225611833407,NZ_GG698602,Dialister invisus DSM 15470,Firmicutes
C2025__NODE_1647_length_19286_cov_13.6739__19286__nrps__ANTISMASH__0_19286,2.74303207932,-,-,-,0.534195425786472,N/A,N/A,Unassigned
C3011__NODE_4606_length_8411_cov_8.428674__8411__lantipeptide__ANTISMASH__0_8411,3.77931226491,-,-,-,0.618403517370483,N/A,N/A,Unassigned
C3005__NODE_5962_length_5543_cov_3.694606__5543__nrps__ANTISMASH__0_5543,0,-,-,-,-,NZ_LOQZ01000149,Pseudomonas aeruginosa,Proteobacteria
C2014__NODE_335_length_70183_cov_9.3029__30209__arylpolyene__ANTISMASH__39974_70183,3.34071401166,-,-,-,0.107093884191437,N/A,N/A,Unassigned
C3003__NODE_3_length_251615_cov_18.016362__21719__terpene__ANTISMASH__51920_73639,3.00589103246,-,-,-,0.043085936595864,NZ_JH976489,Parabacteroides distasonis CL09T03C24,Bacteroidetes
C5002__NODE_118_length_86686_cov_12.5945__54403__arylpolyene__ANTISMASH__32283_86686,2.46177327763,-,-,-,0.619678934078099,NZ_QNRV01000001,Sutterella wadsworthensis,Proteobacteria
C2014__NODE_1940_length_19065_cov_6.85302__19065__nrps__ANTISMASH__0_19065,4.05241767808,-,-,-,0.0695810751229216,NZ_DS990260,Clostridiales bacterium 1_7_47FAA,Firmicutes
C2008__NODE_2631_length_9349_cov_5.18991__9349__bacteriocin__ANTISMASH__0_9349,2.74678507599,-,-,-,0.352955341409551,NZ_MZZR01000146,Klebsiella pneumoniae,Proteobacteria
C6028__NODE_585_length_11015_cov_277.86__11015__nrps-t1pks__ANTISMASH__0_11015,3.30933885294,-,-,-,0.534195425786472,NZ_FLFJ01000006,Klebsiella pneumoniae,Proteobacteria
C3004__NODE_83_length_109672_cov_60.853910__41215__arylpolyene__ANTISMASH__64607_105822,2.96921019631,-,-,-,0.983117775907283,NZ_PJLL01000001,Akkermansia muciniphila,Verrucomicrobia
C6009__NODE_323_length_55106_cov_110.639__52250__nrps__ANTISMASH__0_52250,2.75497918403,-,-,-,0.432995079840188,NZ_FMMH01000009,Clostridioides difficile,Firmicutes
C3005__NODE_1266_length_21891_cov_7.058894__19933__phenazine__ANTISMASH__1958_21891,0,-,-,-,-,NZ_LT673656,Pseudomonas aeruginosa,Proteobacteria
C3006__NODE_250_length_64124_cov_36.227614__37074__arylpolyene__ANTISMASH__27050_64124,1.71679239099,-,-,-,0.124192393447668,NZ_DS990119,Bacteroides plebeius (strain DSM 17135 / JCM 12973 / M2),Bacteroidetes
C4028__NODE_64_length_51856_cov_19.2296__25704__lassopeptide__ANTISMASH__26152_51856,2.12961939322,-,-,-,0.515405698868955,N/A,N/A,Unassigned
C2047__NODE_697_length_8403_cov_803.121__8403__nrps__ANTISMASH__0_8403,4.43520382146,-,-,-,0.209583382202723,NZ_AUJF01000023,Blautia wexlerae AGR2146,Firmicutes
C3007__NODE_35_length_97942_cov_23.2796__52555__nrps-t1pks__ANTISMASH__0_52555,2.95472897288,-,-,-,0.539943193036619,NZ_JSHE01000021,Escherichia coli,Proteobacteria
C6018__NODE_608_length_6676_cov_6.59039__6676__bacteriocin__ANTISMASH__0_6676,3.6554715417,-,-,-,0.0153451202037895,N/A,N/A,Unassigned
C4015__NODE_585_length_15840_cov_7.4394__15840__nrps__ANTISMASH__0_15840,3.435390482,-,-,-,0.899933956036381,N/A,N/A,Unassigned
C3005__NODE_3448_length_9647_cov_63.888344__9647__arylpolyene__ANTISMASH__0_9647,2.92227849261,-,-,-,0.306604347436542,NZ_CVOY01000023,Bacteroides thetaiotaomicron,Bacteroidetes
C3017__NODE_6131_length_7013_cov_353.034__7013__lantipeptide__ANTISMASH__0_7013,3.74489370831,-,-,-,0.995517473162299,NZ_PSQG01000017,Blautia obeum,Firmicutes
C2072__NODE_1048_length_5295_cov_4.98779__5295__arylpolyene__ANTISMASH__0_5295,4.17365990066,-,-,-,0.124192393447668,N/A,N/A,Unassigned
C3001__NODE_1791_length_12527_cov_5.30091__12527__bacteriocin__ANTISMASH__0_12527,3.24102903454,-,-,-,0.142197129113586,N/A,N/A,Unassigned
C2021__NODE_1325_length_21948_cov_7.13127__21948__resorcinol__ANTISMASH__0_21948,3.24357313297,-,-,-,0.257759321871685,N/A,N/A,Unassigned
C6033__NODE_298_length_27811_cov_17.7013__27811__resorcinol__ANTISMASH__0_27811,2.55606415444,-,-,-,0.515405698868955,NZ_NFJG01000058,Bacteroides sp. An269,Bacteroidetes
C2021__NODE_123_length_96858_cov_22.2687__20849__terpene__ANTISMASH__5882_26731,1.96215212287,-,-,-,0.618403517370483,N/A,N/A,Unassigned
C2069__NODE_932_length_11142_cov_39.510147__11142__bacteriocin__ANTISMASH__0_11142,1.22751855659,-,-,-,0.0293210657133678,NZ_AYMI01000011,Klebsiella michiganensis H1g,Proteobacteria
C2086__NODE_94_length_46572_cov_7.95589__13897__siderophore__ANTISMASH__0_13897,3.73628089079,-,-,-,0.162597544217986,NZ_UGBC01000003,Escherichia coli,Proteobacteria
C2014__NODE_33_length_227233_cov_11.2933__52367__nrps__ANTISMASH__796_53163,2.36209233391,-,-,-,0.142197129113586,NZ_LT635451,Holdemania sp. Marseille-P2844,Firmicutes
C3002__NODE_1385_length_10045_cov_6.14925__10045__nrps__ANTISMASH__0_10045,1.77155662727,-,-,-,0.826077124776171,NZ_KQ235846,Clostridium bolteae WAL-14578,Firmicutes
C2048__NODE_3223_length_5845_cov_7.53869__5845__nrps__ANTISMASH__0_5845,1.84263062402,-,-,-,0.124192393447668,N/A,N/A,Unassigned
C2021__NODE_603_length_39929_cov_6.67758__26797__nrps__ANTISMASH__0_26797,4.2471119703,-,-,-,0.516491802803788,N/A,N/A,Unassigned
C3022__NODE_20_length_144830_cov_158.126__41544__arylpolyene__ANTISMASH__103286_144830,3.55048752935,-,-,-,0.156340715253528,N/A,N/A,Unassigned
C2021__NODE_1690_length_18086_cov_8.96817__18086__lantipeptide__ANTISMASH__0_18086,1.5802586665,-,-,-,0.515405698868955,N/A,N/A,Unassigned
C2008__NODE_2262_length_11030_cov_88.1087__11030__nrps__ANTISMASH__0_11030,3.30891590409,-,-,-,0.0273235622458254,N/A,N/A,Unassigned
C2014__NODE_44_length_203043_cov_77.7576__10274__microcin__ANTISMASH__192769_203043,3.82351559354,Healthy control,3.33516975253,0.00672510600661,0.0067251060066073,NZ_GG698602,Dialister invisus DSM 15470,Firmicutes
C2075__NODE_158_length_54113_cov_11.7006__11041__bacteriocin__ANTISMASH__15475_26516,3.10915079601,-,-,-,0.153998616533582,NZ_NMTZ01000027,Faecalibacterium prausnitzii,Firmicutes
C2027__NODE_1840_length_8549_cov_5.05215__8549__bacteriocin__ANTISMASH__0_8549,2.46156246974,-,-,-,0.0306557159386567,N/A,N/A,Unassigned
C4006__NODE_801_length_16209_cov_5.18336__16209__transatpks__ANTISMASH__0_16209,2.77951653607,-,-,-,0.35655726115376,N/A,N/A,Unassigned
C3001__NODE_3246_length_7841_cov_27.1989__7841__microcin__ANTISMASH__0_7841,3.47247908035,Healthy control,3.15562752055,0.0055960303264,0.00559603032639647,NZ_JH414703,Subdoligranulum sp. 4_3_54A2FAA,Firmicutes
C2010__NODE_334_length_55597_cov_71.0921__22916__lantipeptide__ANTISMASH__14004_36920,1.68430194817,-,-,-,0.257759321871685,NZ_KE992653,Clostridium sp. KLE 1755,Firmicutes
C3022__NODE_98_length_77865_cov_77.4191__47858__arylpolyene__ANTISMASH__19344_67202,3.85403583845,Healthy control,3.37683536581,2.50939861779e-10,2.50939861779391e-10,NZ_CZBZ01000004,Alistipes finegoldii,Bacteroidetes
C4007__NODE_248_length_34834_cov_5.19748__24881__nrps__ANTISMASH__9953_34834,3.98248815313,-,-,-,0.0509967505900935,NZ_BAHW02000027,Clostridiales bacterium VE202-09,Firmicutes
C2014__NODE_4_length_346364_cov_31.9905__23354__lantipeptide__ANTISMASH__236530_259884,2.34090494946,-,-,-,0.142197129113586,N/A,N/A,Unassigned
C2091__NODE_931_length_11151_cov_4.753965__11151__bacteriocin__ANTISMASH__0_11151,3.02659171016,-,-,-,0.162305338857364,NZ_NMTZ01000027,Faecalibacterium prausnitzii,Firmicutes
C3007__NODE_4_length_464848_cov_28.127__53338__nrps__ANTISMASH__242117_295455,3.71874914819,-,-,-,0.380025335569456,NZ_NACM01000001,Escherichia coli,Proteobacteria
C2014__NODE_2216_length_16889_cov_9.24355__16889__nrps__ANTISMASH__0_16889,3.21954197444,-,-,-,0.194988804894731,NZ_CZBP01000019,Blautia obeum,Firmicutes
C4022__NODE_181_length_31289_cov_28.8536__31289__resorcinol__ANTISMASH__0_31289,4.26978310566,-,-,-,0.0137127458676502,NZ_CZAF01000014,Bacteroides uniformis,Bacteroidetes
C3006__NODE_1117_length_24788_cov_37.507904__24788__resorcinol__ANTISMASH__0_24788,2.7092475012,-,-,-,0.121109889254599,NZ_JH376593,Paraprevotella clara YIT 11840,Bacteroidetes
C2025__NODE_4803_length_7343_cov_3.9565__7343__other__ANTISMASH__0_7343,3.85720432213,-,-,-,0.46831010018854,N/A,N/A,Unassigned
C3003__NODE_76_length_95735_cov_25.874488__47508__arylpolyene__ANTISMASH__0_47508,3.26785898554,Healthy control,2.89007522255,2.73183613916e-05,2.73183613916021e-05,NZ_FOBY01000002,Bacteroides sp. AR20,Bacteroidetes
C3011__NODE_5387_length_7261_cov_6.278240__7261__nrps__ANTISMASH__0_7261,0,-,-,-,-,N/A,N/A,Unassigned
C4006__NODE_863_length_15465_cov_297.855__15465__transatpks__ANTISMASH__0_15465,1.75264722516,-,-,-,0.35655726115376,N/A,N/A,Unassigned
C2069__NODE_60_length_75603_cov_20.486538__58637__nrps-t1pks__ANTISMASH__0_58637,0,-,-,-,-,NZ_CP029141,Klebsiella michiganensis,Proteobacteria
C4024__NODE_1972_length_5817_cov_7.7789__5817__arylpolyene__ANTISMASH__0_5817,3.69643364842,-,-,-,0.319136754841261,NZ_JH636026,Bacteroides sp. D2,Bacteroidetes
C3011__NODE_3188_length_11870_cov_11.070673__11870__nrps__ANTISMASH__0_11870,3.35620667396,-,-,-,0.59677192867261,N/A,N/A,Unassigned
C3027__NODE_610_length_10366_cov_7.30938__10366__lantipeptide__ANTISMASH__0_10366,3.67145064934,-,-,-,0.157518345033747,NZ_PSQG01000017,Blautia obeum,Firmicutes
C2091__NODE_2375_length_5875_cov_5.712543__5875__arylpolyene__ANTISMASH__0_5875,0,-,-,-,-,N/A,N/A,Unassigned
C3011__NODE_763_length_35976_cov_121.519390__20340__bacteriocin__ANTISMASH__15636_35976,0.987677510084,-,-,-,0.35655726115376,N/A,N/A,Unassigned
C6009__NODE_669_length_36034_cov_150.466__36034__resorcinol__ANTISMASH__0_36034,3.92243644865,-,-,-,0.0104761611392274,NZ_DS995532,Bacteroides dorei DSM 17855,Bacteroidetes
C4028__NODE_530_length_13513_cov_6.54362__10391__bacteriocin__ANTISMASH__3122_13513,1.57132031079,-,-,-,0.846579675901199,N/A,N/A,Unassigned
C4013__NODE_57_length_60955_cov_91.708__55761__nrps__ANTISMASH__517_56278,2.84700293235,-,-,-,0.265984250181837,N/A,N/A,Unassigned
C4006__NODE_715_length_17484_cov_5.35625__17484__otherks__ANTISMASH__0_17484,2.97357374148,-,-,-,0.35655726115376,N/A,N/A,Unassigned
C4009__NODE_1421_length_23390_cov_28.4798__23390__terpene__ANTISMASH__0_23390,3.63148761163,Healthy control,3.28605414647,0.00111955469829,0.00111955469829155,NZ_PJKM01000001,Akkermansia muciniphila,Verrucomicrobia
C3032__NODE_1567_length_8319_cov_7.793078__8319__bacteriocin__ANTISMASH__0_8319,4.84078548224,Healthy control,4.42523163198,2.76331284771e-09,2.76331284770895e-09,NZ_BAHW02000010,Clostridiales bacterium VE202-09,Firmicutes
C5006__NODE_3588_length_5899_cov_566.225__5899__arylpolyene__ANTISMASH__0_5899,3.77919211374,-,-,-,0.515405698868955,N/A,N/A,Unassigned
C3013__NODE_1272_length_20036_cov_39.660027__20036__lantipeptide__ANTISMASH__0_20036,3.35102253543,-,-,-,0.617075711737701,N/A,N/A,Unassigned
C2021__NODE_45_length_135900_cov_50.7099__47482__arylpolyene__ANTISMASH__15719_63201,3.4335012683,-,-,-,0.125489416680795,NZ_JH724085,Bacteroides cellulosilyticus CL02T12C19,Bacteroidetes
C3011__NODE_3439_length_11034_cov_16.819382__11034__lantipeptide__ANTISMASH__0_11034,1.56747772151,-,-,-,0.35655726115376,N/A,N/A,Unassigned
C3001__NODE_51_length_144308_cov_91.9148__42430__other__ANTISMASH__63954_106384,4.03794136892,-,-,-,0.173591207809191,NZ_LIDU01000043,Bacteroides fragilis,Bacteroidetes
C4024__NODE_6_length_229380_cov_96.1905__41140__resorcinol__ANTISMASH__76837_117977,3.64823438536,Healthy control,3.24292683115,0.000596452332206,0.000596452332205583,NZ_CZBK01000007,Bacteroides vulgatus,Bacteroidetes
C2071__NODE_1381_length_6632_cov_7.343774__6632__resorcinol__ANTISMASH__0_6632,3.56477703442,Crohn's Disease,3.37061315675,0.00709538164041,0.00709538164040577,NZ_FOBA01000017,Bacteroides vulgatus,Bacteroidetes
C3008__NODE_1016_length_10403_cov_4.87563__10403__bacteriocin__ANTISMASH__0_10403,1.8683565668,-,-,-,0.190283776486334,N/A,N/A,Unassigned
C4015__NODE_7_length_130863_cov_12.2854__24198__lassopeptide__ANTISMASH__91931_116129,2.13352066607,-,-,-,0.658322680455058,N/A,N/A,Unassigned
C4017__NODE_565_length_16567_cov_31.8996__16567__other__ANTISMASH__0_16567,3.73836409233,-,-,-,0.643697952551123,NZ_KI271108,Eubacterium ramulus ATCC 29099,Firmicutes
C2027__NODE_22_length_132914_cov_49.0702__42977__other__ANTISMASH__89937_132914,3.10864383935,-,-,-,0.190283776486334,N/A,N/A,Unassigned
C2069__NODE_312_length_27545_cov_24.762641__27545__nrps__ANTISMASH__0_27545,0.425523772336,-,-,-,0.124192393447668,NZ_CP029141,Klebsiella michiganensis,Proteobacteria
C3011__NODE_5128_length_7588_cov_13.408469__7588__lantipeptide__ANTISMASH__0_7588,3.8479505435,-,-,-,0.459681099171423,NZ_ACII02000003,Ruminococcus sp. 5_1_39BFAA,Firmicutes
C2069__NODE_418_length_21659_cov_8.339335__21659__ladderane-arylpolyene__ANTISMASH__0_21659,3.08482522,-,-,-,0.0293210657133678,NZ_NLLW01000019,Escherichia coli,Proteobacteria
C6016__NODE_356_length_26112_cov_92.2145__26112__arylpolyene__ANTISMASH__0_26112,4.2094224204,Healthy control,3.89879666531,1.8790170464e-08,1.87901704640236e-08,NZ_KV441775,Akkermansia sp. KLE1605,Verrucomicrobia
C2014__NODE_315_length_73082_cov_150.2__10813__bacteriocin__ANTISMASH__32481_43294,2.45280304158,-,-,-,0.142197129113586,NZ_LT635449,Holdemania sp. Marseille-P2844,Firmicutes
C3011__NODE_4583_length_8480_cov_7.314896__8480__nrps__ANTISMASH__0_8480,0,-,-,-,-,N/A,N/A,Unassigned
C3030__NODE_118_length_48757_cov_58.9677__30635__other__ANTISMASH__18122_48757,2.9050009843,-,-,-,0.35655726115376,NZ_JMZZ02000225,Bacteroides fragilis,Bacteroidetes
C6018__NODE_6_length_211223_cov_23.7637__51494__otherks-t1pks__ANTISMASH__24496_75990,1.79516209799,-,-,-,0.124192393447668,NZ_AQWJ01000007,Dysgonomonas mossii DSM 22836,Bacteroidetes
C3005__NODE_2886_length_11367_cov_5.384547__11367__other__ANTISMASH__0_11367,0,-,-,-,-,NC_022360,Pseudomonas aeruginosa c7447m,Proteobacteria
C6033__NODE_74_length_65062_cov_18.6386__47783__arylpolyene__ANTISMASH__13014_60797,3.65000282527,-,-,-,0.227246511904755,NZ_GL945093,Bacteroides sp. 1_1_30,Bacteroidetes
C6018__NODE_72_length_22705_cov_9.57422__22705__bacteriocin__ANTISMASH__0_22705,3.3198292137,-,-,-,0.534195425786472,N/A,N/A,Unassigned
C2048__NODE_178_length_33075_cov_21.0369__33075__nrps__ANTISMASH__0_33075,3.26673965187,-,-,-,0.124192393447668,NZ_DS480328,Clostridium sp. L2-50,Firmicutes
C2010__NODE_855_length_28604_cov_7.79964__27862__nrps__ANTISMASH__742_28604,3.18520025809,-,-,-,0.0777209108281729,NZ_DS990260,Clostridiales bacterium 1_7_47FAA,Firmicutes
C2010__NODE_10_length_210863_cov_48.926__10867__bacteriocin__ANTISMASH__25278_36145,1.7934946937,-,-,-,0.107093884191437,NZ_PYII01000020,Clostridium lavalense,Firmicutes
C4023__NODE_434_length_14440_cov_19.1691__14440__resorcinol__ANTISMASH__0_14440,4.13236115516,-,-,-,0.0937566477945613,NZ_GL883865,Paraprevotella xylaniphila YIT 11841,Bacteroidetes
C3004__NODE_716_length_32086_cov_56.184259__32086__nrps__ANTISMASH__0_32086,1.80694011588,-,-,-,0.277271033247437,NZ_ACEP01000029,Eubacterium hallii DSM 3353,Firmicutes
C3013__NODE_3663_length_7380_cov_6.471263__7380__other__ANTISMASH__0_7380,0,-,-,-,-,N/A,N/A,Unassigned
C2028__NODE_8_length_239300_cov_38.9172__41122__resorcinol__ANTISMASH__141784_182906,2.77677119612,-,-,-,0.190975446019711,NZ_JH376593,Paraprevotella clara YIT 11840,Bacteroidetes
C5006__NODE_2116_length_10149_cov_2.73895__10149__bacteriocin__ANTISMASH__0_10149,4.05549559584,-,-,-,0.0315882341270494,NZ_NMTZ01000027,Faecalibacterium prausnitzii,Firmicutes
C3002__NODE_335_length_41694_cov_806.476__24076__arylpolyene__ANTISMASH__17618_41694,4.38555450804,-,-,-,0.187919741500895,NZ_LT635783,Bacteroides mediterraneensis,Bacteroidetes
C3005__NODE_1166_length_22930_cov_8.545880__22930__hserlactone__ANTISMASH__0_22930,0,-,-,-,-,NZ_FRQY01000010,Pseudomonas aeruginosa,Proteobacteria
C3001__NODE_184_length_72779_cov_106.715__42569__lantipeptide__ANTISMASH__30210_72779,3.10463322024,-,-,-,0.222800357996442,N/A,N/A,Unassigned
C3001__NODE_968_length_20454_cov_287.677__20454__lantipeptide__ANTISMASH__0_20454,2.04343833559,-,-,-,0.190283776486334,N/A,N/A,Unassigned
C4004__NODE_33_length_66112_cov_8.88999__32280__nrps__ANTISMASH__33832_66112,3.72806631599,-,-,-,0.137425227657499,NZ_CZBR01000003,Ruminococcus torques,Firmicutes
C6024__NODE_106_length_12932_cov_8.40009__12932__siderophore__ANTISMASH__0_12932,3.77610108956,-,-,-,0.0855310551347562,NZ_KE700632,Escherichia coli HVH 184 (4-3343286),Proteobacteria
C2091__NODE_2404_length_5828_cov_6.612506__5828__arylpolyene__ANTISMASH__0_5828,3.7872022203,-,-,-,0.0810776506347805,N/A,N/A,Unassigned
C4001__NODE_12_length_233246_cov_14.3248__10490__microcin__ANTISMASH__222756_233246,3.9362906882,Healthy control,3.423301054,0.00500747298884,0.00500747298883536,NZ_GG698602,Dialister invisus DSM 15470,Firmicutes
C2014__NODE_641_length_44783_cov_44.4325__32959__nrps__ANTISMASH__0_32959,3.74577661498,-,-,-,0.131671789614855,NZ_LT969518,Eisenbergiella massiliensis,Firmicutes
C3017__NODE_6334_length_6785_cov_30.923__6785__resorcinol__ANTISMASH__0_6785,2.46306883259,Crohn's Disease,2.57012654952,0.00929956711175,0.00929956711174917,NZ_GG775007,Parabacteroides sp. 20_3,Bacteroidetes
C3013__NODE_4621_length_5728_cov_3.780187__5728__arylpolyene__ANTISMASH__0_5728,3.93796091722,-,-,-,0.0605900412587172,N/A,N/A,Unassigned
C3001__NODE_3390_length_7531_cov_3.80444__7531__arylpolyene__ANTISMASH__0_7531,1.84499518675,-,-,-,0.190283776486334,N/A,N/A,Unassigned
C2010__NODE_104_length_95474_cov_20.6086__22877__lantipeptide__ANTISMASH__53208_76085,1.60244816723,-,-,-,0.257759321871685,NZ_BAIJ02000157,Clostridiales bacterium VE202-27,Firmicutes
C3001__NODE_226_length_62364_cov_25.9983__11788__microcin__ANTISMASH__50576_62364,3.88102572191,Healthy control,3.34730805016,0.00617849324901,0.00617849324900936,NZ_GG698602,Dialister invisus DSM 15470,Firmicutes
C2010__NODE_2928_length_9809_cov_103.863__9809__nrps__ANTISMASH__0_9809,3.73786105328,-,-,-,0.823340043098991,N/A,N/A,Unassigned
C3011__NODE_1944_length_18488_cov_18.270005__18488__nrps__ANTISMASH__0_18488,2.1723158588000002,-,-,-,0.948605616413521,NZ_CYZD01000004,Blautia obeum,Firmicutes
C3005__NODE_1588_length_18789_cov_5.949130__17884__hserlactone__ANTISMASH__905_18789,0,-,-,-,-,NZ_LLSM01000034,Pseudomonas aeruginosa,Proteobacteria
C3023__NODE_191_length_27401_cov_21.2043__27401__arylpolyene__ANTISMASH__0_27401,2.87856639996,-,-,-,0.515405698868955,N/A,N/A,Unassigned
C4010__NODE_13_length_213961_cov_42.347891__47539__arylpolyene__ANTISMASH__35987_83526,4.64027543621,-,-,-,0.0792664535483738,NZ_KQ235757,Bacteroides sp. 9_1_42FAA,Bacteroidetes
C5001__NODE_756_length_19253_cov_573.129__19251__bacteriocin__ANTISMASH__2_19253,4.35245960965,-,-,-,0.210136183614327,N/A,N/A,Unassigned
C2014__NODE_2026_length_18364_cov_274.623__18364__nrps__ANTISMASH__0_18364,4.2648972447,-,-,-,0.360570244561184,NZ_ACII02000003,Ruminococcus sp. 5_1_39BFAA,Firmicutes
C3013__NODE_66_length_96589_cov_14.839155__36216__arylpolyene__ANTISMASH__60373_96589,2.19628368017,-,-,-,0.637334012425998,NZ_GL883805,Paraprevotella xylaniphila YIT 11841,Bacteroidetes
C3001__NODE_588_length_30405_cov_19.6306__29664__terpene__ANTISMASH__741_30405,3.88194778246,-,-,-,0.742965788188115,NZ_PJLE01000001,Akkermansia muciniphila,Verrucomicrobia
C3013__NODE_430_length_42457_cov_9.151903__22529__bacteriocin__ANTISMASH__19928_42457,1.54220500907,-,-,-,0.44562298837291,NZ_CP011307,Intestinimonas butyriciproducens,Firmicutes
C4009__NODE_1774_length_19076_cov_214.117__19076__nrps__ANTISMASH__0_19076,4.27709105224,-,-,-,0.0201827983068425,N/A,N/A,Unassigned
C3011__NODE_1802_length_19751_cov_29.953950__19751__other__ANTISMASH__0_19751,1.24715380904,-,-,-,0.163129286122672,N/A,N/A,Unassigned
C2041__NODE_525_length_12891_cov_31.923__12891__resorcinol__ANTISMASH__0_12891,4.35128708415,Healthy control,3.73531439634,0.000106839518686,0.000106839518686128,NZ_KE159479,Bacteroides vulgatus dnLKV7,Bacteroidetes
C2014__NODE_1443_length_24329_cov_12.5503__24329__other__ANTISMASH__0_24329,2.0895869825,-,-,-,0.12107519815214,N/A,N/A,Unassigned
C3001__NODE_62_length_127340_cov_61.4927__20900__terpene__ANTISMASH__84566_105466,3.5604791336,-,-,-,0.906381152499427,NZ_PJLL01000004,Akkermansia muciniphila,Verrucomicrobia
C2008__NODE_2704_length_9059_cov_96.1277__9059__bacteriocin__ANTISMASH__0_9059,4.08397804355,-,-,-,0.466379398994711,NZ_CVTY01000007,Dakarella massiliensis,Proteobacteria
C2039__NODE_3100_length_5326_cov_4.61203__5326__t2pks__ANTISMASH__0_5326,4.03325246373,-,-,-,0.0293210657133678,NZ_AXVN01000027,Blautia wexlerae DSM 19850,Firmicutes
C4009__NODE_43_length_148339_cov_30.0278__52608__nrps__ANTISMASH__41708_94316,2.77959698923,Healthy control,2.55536338784,5.00017339549e-09,5.00017339548894e-09,NZ_NOXF01000001,Clostridium leptum DSM 753,Firmicutes
C4004__NODE_1352_length_6131_cov_7.92199__6131__other__ANTISMASH__0_6131,1.79926985701,-,-,-,0.257759321871685,NZ_CZBC01000023,Fusicatenibacter sp. 2789STDY5834925,Firmicutes
C3004__NODE_1315_length_18028_cov_20.725421__18028__nrps__ANTISMASH__0_18028,1.90635776275,-,-,-,0.107093884191437,N/A,N/A,Unassigned
C2014__NODE_3174_length_12203_cov_8.48584__7345__bacteriocin__ANTISMASH__4858_12203,2.28079497538,-,-,-,0.0923515461736267,N/A,N/A,Unassigned
C2021__NODE_1226_length_23350_cov_12.9055__16765__terpene__ANTISMASH__6585_23350,2.40069574375,-,-,-,0.0469137948865549,N/A,N/A,Unassigned
C3022__NODE_599_length_28101_cov_7.88173__24706__terpene__ANTISMASH__3395_28101,3.79435622268,-,-,-,0.159707723227558,N/A,N/A,Unassigned
C2071__NODE_1282_length_7087_cov_6.421502__7087__arylpolyene__ANTISMASH__0_7087,2.50017669355,-,-,-,0.515405698868955,N/A,N/A,Unassigned
C3006__NODE_261_length_62560_cov_12.330790__13477__proteusin-bacteriocin__ANTISMASH__49083_62560,0,-,-,-,-,N/A,N/A,Unassigned
C4020__NODE_553_length_10765_cov_30.4817__10765__resorcinol__ANTISMASH__0_10765,3.77081489357,-,-,-,0.515405698868955,N/A,N/A,Unassigned
C4006__NODE_1048_length_13095_cov_58.236__13095__arylpolyene__ANTISMASH__0_13095,3.14812934042,-,-,-,0.85999854221437,NZ_QEPR01000002,Haemophilus parainfluenzae,Proteobacteria
C5004__NODE_229_length_60358_cov_7.022802__43633__arylpolyene__ANTISMASH__13730_57363,3.40701285733,-,-,-,0.142197129113586,N/A,N/A,Unassigned
C3017__NODE_222_length_69104_cov_75.1665__31478__lantipeptide__ANTISMASH__37626_69104,3.37680396454,-,-,-,0.250758754593426,N/A,N/A,Unassigned
C2014__NODE_1631_length_21938_cov_7.53265__21938__nrps__ANTISMASH__0_21938,1.84763849217,-,-,-,0.107093884191437,NZ_LT827123,Pseudoflavonifractor sp. Marseille-P3106,Firmicutes
C6028__NODE_10_length_182917_cov_26.4625__65320__nrps-t1pks__ANTISMASH__0_65320,2.54987764227,-,-,-,0.465503042926739,NZ_CCPW01000058,Escherichia coli,Proteobacteria
C3005__NODE_1890_length_16574_cov_6.325020__12476__bacteriocin__ANTISMASH__4098_16574,0,-,-,-,-,NZ_JTRX01000014,Pseudomonas aeruginosa,Proteobacteria
C3002__NODE_230_length_52913_cov_71.574__34275__arylpolyene__ANTISMASH__0_34275,2.75905108296,-,-,-,0.0810776506347805,N/A,N/A,Unassigned
C4006__NODE_538_length_21404_cov_124.473__21404__transatpks__ANTISMASH__0_21404,2.95505499899,-,-,-,0.35655726115376,N/A,N/A,Unassigned
C3032__NODE_1878_length_7028_cov_30.489029__7028__resorcinol__ANTISMASH__0_7028,3.62339259503,-,-,-,0.377191788677076,N/A,N/A,Unassigned
C3007__NODE_1619_length_5549_cov_676.242__5549__other__ANTISMASH__0_5549,4.04445010083,-,-,-,0.257759321871685,NZ_KE161007,Fusobacterium ulcerans 12-1B,Fusobacteria
C3022__NODE_1045_length_18490_cov_8.18205__18490__ladderane__ANTISMASH__0_18490,2.86022846856,-,-,-,0.0293210657133678,N/A,N/A,Unassigned
C6009__NODE_516_length_42133_cov_10.5181__20394__lantipeptide__ANTISMASH__21739_42133,1.7633471576,-,-,-,0.890891585437632,N/A,N/A,Unassigned
C6009__NODE_5657_length_6492_cov_68.854__6492__bacteriocin__ANTISMASH__0_6492,2.68569377322,-,-,-,0.0176049641194924,NZ_KK213898,Clostridioides difficile,Firmicutes
C3004__NODE_1417_length_16825_cov_24.201849__16825__arylpolyene__ANTISMASH__0_16825,3.30932384094,Healthy control,3.14840934712,0.00747438845304,0.00747438845303925,N/A,N/A,Unassigned
C6009__NODE_3175_length_11137_cov_14.1916__11137__lantipeptide__ANTISMASH__0_11137,3.62997652941,-,-,-,0.565181108803723,NZ_PSQG01000017,Blautia obeum,Firmicutes
C3002__NODE_48_length_113070_cov_130.184__30150__lantipeptide__ANTISMASH__7675_37825,3.60912981732,-,-,-,0.896544668404601,NZ_JGEU01000044,Bacteroides fragilis str. 3783N1-6,Bacteroidetes
C2008__NODE_2299_length_10813_cov_366.33__10813__lantipeptide__ANTISMASH__0_10813,3.8187101892,-,-,-,0.455610761284079,N/A,N/A,Unassigned
C4004__NODE_56_length_44710_cov_12.3465__26316__nrps__ANTISMASH__0_26316,3.47236668313,-,-,-,0.79846078897925,NZ_MEHC01000020,Eisenbergiella tayi,Firmicutes
C3005__NODE_2018_length_15722_cov_6.783813__15722__other__ANTISMASH__0_15722,0,-,-,-,-,NZ_OVCP01000021,Pseudomonas aeruginosa,Proteobacteria
C4038__NODE_976_length_7636_cov_9.82206__7636__lantipeptide__ANTISMASH__0_7636,3.60941483363,-,-,-,0.534195425786472,N/A,N/A,Unassigned
C3005__NODE_1181_length_22781_cov_108.577884__22781__arylpolyene__ANTISMASH__0_22781,2.6359965415,-,-,-,0.0477604657056805,N/A,N/A,Unassigned
C4009__NODE_644_length_42297_cov_100.7__42297__nrps__ANTISMASH__0_42297,3.38137067966,-,-,-,0.0293848750522326,NZ_LT907978,Eubacterium hallii,Firmicutes
C6028__NODE_655_length_10036_cov_6.11802__10036__siderophore__ANTISMASH__0_10036,3.32063589992,-,-,-,0.534195425786472,NZ_JUYT01000114,Proteus mirabilis,Proteobacteria
C4015__NODE_218_length_29761_cov_7.16044__27787__t1pks__ANTISMASH__1974_29761,1.29702576611,-,-,-,0.534195425786472,N/A,N/A,Unassigned
C4006__NODE_15_length_222149_cov_19.3876__20894__terpene__ANTISMASH__77199_98093,3.05284794889,Healthy control,3.38650775203,0.00127235602648,0.00127235602647872,NZ_PJKF01000003,Akkermansia muciniphila,Verrucomicrobia
C5001__NODE_38_length_119651_cov_41.1725__25138__thiopeptide__ANTISMASH__0_25138,2.7450253896,-,-,-,0.0451079103544596,NZ_CZAJ01000006,Eubacterium rectale,Firmicutes
C4009__NODE_2043_length_16906_cov_6.93122__16906__other__ANTISMASH__0_16906,1.86681382234,Healthy control,3.82600488763,0.00196316264416,0.00196316264415548,NZ_NFJU01000040,Anaeromassilibacillus sp. An200,Firmicutes
C4006__NODE_1179_length_11775_cov_62.6568__11775__transatpks__ANTISMASH__0_11775,3.60506496623,-,-,-,0.35655726115376,N/A,N/A,Unassigned
C2026__NODE_7_length_173572_cov_22.054473__41140__resorcinol__ANTISMASH__51067_92207,3.97463912197,-,-,-,0.0122147813666445,NZ_CBVI010000097,Bacteroides timonensis,Bacteroidetes
C2071__NODE_53_length_69073_cov_64.636037__46165__nrps__ANTISMASH__1212_47377,4.15838887899,-,-,-,0.643790548428672,NZ_EQ973356,Bacteroides sp. 2_2_4,Bacteroidetes
C3017__NODE_2748_length_15047_cov_23.4528__15047__lantipeptide__ANTISMASH__0_15047,2.0147393534,-,-,-,0.0615996780386011,N/A,N/A,Unassigned
C4004__NODE_248_length_17202_cov_195.328__17202__other__ANTISMASH__0_17202,4.06993391696,-,-,-,0.620531804525583,NZ_CZBC01000010,Fusicatenibacter sp. 2789STDY5834925,Firmicutes
C4009__NODE_1696_length_20007_cov_31.7757__20007__terpene__ANTISMASH__0_20007,3.08506159487,Healthy control,3.23620564167,0.00127235602648,0.00127235602647872,NZ_PJKH01000005,Akkermansia muciniphila,Verrucomicrobia
